[
  {
    "ts": "2023-11-17T13:57:22Z",
    "platform": "android",
    "ms_played": 0,
    "conn_country": "PK",
    "ip_addr": "182.185.204.119",
    "master_metadata_track_name": "Chorni",
    "master_metadata_album_artist_name": "DIVINE",
    "master_metadata_album_album_name": "Chorni",
    "spotify_track_uri": "spotify:track:3GEiVoaUXq468gfYs2EPfh",
    "episode_name": null,
    "episode_show_name": null,
    "spotify_episode_uri": null,
    "audiobook_title": null,
    "audiobook_uri": null,
    "audiobook_chapter_uri": null,
    "audiobook_chapter_title": null,
    "reason_start": "unknown",
    "reason_end": "endplay",
    "shuffle": false,
    "skipped": true,
    "offline": null,
    "offline_timestamp": null,
    "incognito_mode": false
  },
  {
    "ts": "2023-11-17T13:57:22Z",
    "platform": "android",
    "ms_played": 0,
    "conn_country": "PK",
    "ip_addr": "182.185.204.119",
    "master_metadata_track_name": "Same Beef",
    "master_metadata_album_artist_name": "Bohemia",
    "master_metadata_album_album_name": "Same Beef",
    "spotify_track_uri": "spotify:track:65c6VCikt7f5sAS1heoYQC",
    "episode_name": null,
    "episode_show_name": null,
    "spotify_episode_uri": null,
    "audiobook_title": null,
    "audiobook_uri": null,
    "audiobook_chapter_uri": null,
    "audiobook_chapter_title": null,
    "reason_start": "unknown",
    "reason_end": "endplay",
    "shuffle": false,
    "skipped": true,
    "offline": null,
    "offline_timestamp": null,
    "incognito_mode": false
  },
  {
    "ts": "2023-11-30T05:28:56Z",
    "platform": "android",
    "ms_played": 967,
    "conn_country": "PK",
    "ip_addr": "182.185.207.75",
    "master_metadata_track_name": "Filhaal",
    "master_metadata_album_artist_name": "Towers",
    "master_metadata_album_album_name": "Filhaal",
    "spotify_track_uri": "spotify:track:0PNU96DGl5PRswbstQgbtv",
    "episode_name": null,
    "episode_show_name": null,
    "spotify_episode_uri": null,
    "audiobook_title": null,
    "audiobook_uri": null,
    "audiobook_chapter_uri": null,
    "audiobook_chapter_title": null,
    "reason_start": "unknown",
    "reason_end": "endplay",
    "shuffle": false,
    "skipped": true,
    "offline": null,
    "offline_timestamp": null,
    "incognito_mode": false
  },
  {
    "ts": "2023-11-30T05:28:56Z",
    "platform": "android",
    "ms_played": 0,
    "conn_country": "PK",
    "ip_addr": "182.185.207.75",
    "master_metadata_track_name": "4U",
    "master_metadata_album_artist_name": "Maanu",
    "master_metadata_album_album_name": "4U",
    "spotify_track_uri": "spotify:track:5E17LNMDov8A01xUxK8Xaf",
    "episode_name": null,
    "episode_show_name": null,
    "spotify_episode_uri": null,
    "audiobook_title": null,
    "audiobook_uri": null,
    "audiobook_chapter_uri": null,
    "audiobook_chapter_title": null,
    "reason_start": "unknown",
    "reason_end": "endplay",
    "shuffle": false,
    "skipped": true,
    "offline": null,
    "offline_timestamp": null,
    "incognito_mode": false
  },
  {
    "ts": "2023-11-30T05:28:56Z",
    "platform": "android",
    "ms_played": 0,
    "conn_country": "PK",
    "ip_addr": "182.185.207.75",
    "master_metadata_track_name": "Funk Song",
    "master_metadata_album_artist_name": "Kidjaywest",
    "master_metadata_album_album_name": "Funk Song",
    "spotify_track_uri": "spotify:track:53LVgD7RguP5syVZfA76G7",
    "episode_name": null,
    "episode_show_name": null,
    "spotify_episode_uri": null,
    "audiobook_title": null,
    "audiobook_uri": null,
    "audiobook_chapter_uri": null,
    "audiobook_chapter_title": null,
    "reason_start": "unknown",
    "reason_end": "endplay",
    "shuffle": false,
    "skipped": true,
    "offline": null,
    "offline_timestamp": null,
    "incognito_mode": false
  },
  {
    "ts": "2024-02-07T10:00:02Z",
    "platform": "android",
    "ms_played": 297,
    "conn_country": "PK",
    "ip_addr": "182.185.196.79",
    "master_metadata_track_name": "THE SCOTTS",
    "master_metadata_album_artist_name": "THE SCOTTS",
    "master_metadata_album_album_name": "THE SCOTTS",
    "spotify_track_uri": "spotify:track:39Yp9wwQiSRIDOvrVg7mbk",
    "episode_name": null,
    "episode_show_name": null,
    "spotify_episode_uri": null,
    "audiobook_title": null,
    "audiobook_uri": null,
    "audiobook_chapter_uri": null,
    "audiobook_chapter_title": null,
    "reason_start": "unknown",
    "reason_end": "unknown",
    "shuffle": false,
    "skipped": false,
    "offline": null,
    "offline_timestamp": null,
    "incognito_mode": false
  },
  {
    "ts": "2024-02-07T10:00:03Z",
    "platform": "android",
    "ms_played": 0,
    "conn_country": "PK",
    "ip_addr": "182.185.196.79",
    "master_metadata_track_name": "Godzilla (feat. Juice WRLD)",
    "master_metadata_album_artist_name": "Eminem",
    "master_metadata_album_album_name": "Music To Be Murdered By",
    "spotify_track_uri": "spotify:track:7FIWs0pqAYbP91WWM0vlTQ",
    "episode_name": null,
    "episode_show_name": null,
    "spotify_episode_uri": null,
    "audiobook_title": null,
    "audiobook_uri": null,
    "audiobook_chapter_uri": null,
    "audiobook_chapter_title": null,
    "reason_start": "unknown",
    "reason_end": "endplay",
    "shuffle": false,
    "skipped": true,
    "offline": null,
    "offline_timestamp": null,
    "incognito_mode": false
  },
  {
    "ts": "2024-02-07T10:00:03Z",
    "platform": "android",
    "ms_played": 0,
    "conn_country": "PK",
    "ip_addr": "182.185.196.79",
    "master_metadata_track_name": "THE SCOTTS",
    "master_metadata_album_artist_name": "THE SCOTTS",
    "master_metadata_album_album_name": "THE SCOTTS",
    "spotify_track_uri": "spotify:track:39Yp9wwQiSRIDOvrVg7mbk",
    "episode_name": null,
    "episode_show_name": null,
    "spotify_episode_uri": null,
    "audiobook_title": null,
    "audiobook_uri": null,
    "audiobook_chapter_uri": null,
    "audiobook_chapter_title": null,
    "reason_start": "unknown",
    "reason_end": "endplay",
    "shuffle": false,
    "skipped": true,
    "offline": null,
    "offline_timestamp": null,
    "incognito_mode": false
  },
  {
    "ts": "2024-02-07T10:00:04Z",
    "platform": "android",
    "ms_played": 0,
    "conn_country": "PK",
    "ip_addr": "182.185.196.79",
    "master_metadata_track_name": "What Jhumka ? (From \"Rocky Aur Rani Kii Prem Kahaani\")",
    "master_metadata_album_artist_name": "Pritam",
    "master_metadata_album_album_name": "What Jhumka ? (From \"Rocky Aur Rani Kii Prem Kahaani\")",
    "spotify_track_uri": "spotify:track:4QyX8CBSjcoq4iMZuvifyF",
    "episode_name": null,
    "episode_show_name": null,
    "spotify_episode_uri": null,
    "audiobook_title": null,
    "audiobook_uri": null,
    "audiobook_chapter_uri": null,
    "audiobook_chapter_title": null,
    "reason_start": "unknown",
    "reason_end": "endplay",
    "shuffle": false,
    "skipped": true,
    "offline": null,
    "offline_timestamp": null,
    "incognito_mode": false
  },
  {
    "ts": "2024-02-07T10:00:04Z",
    "platform": "android",
    "ms_played": 1053,
    "conn_country": "PK",
    "ip_addr": "182.185.196.79",
    "master_metadata_track_name": "Satranga (From \"ANIMAL\")",
    "master_metadata_album_artist_name": "Arijit Singh",
    "master_metadata_album_album_name": "Satranga (From \"ANIMAL\")",
    "spotify_track_uri": "spotify:track:3yHyiUDJdz02FZ6jfUbsmY",
    "episode_name": null,
    "episode_show_name": null,
    "spotify_episode_uri": null,
    "audiobook_title": null,
    "audiobook_uri": null,
    "audiobook_chapter_uri": null,
    "audiobook_chapter_title": null,
    "reason_start": "unknown",
    "reason_end": "unknown",
    "shuffle": false,
    "skipped": false,
    "offline": null,
    "offline_timestamp": null,
    "incognito_mode": false
  },
  {
    "ts": "2024-02-07T10:00:04Z",
    "platform": "android",
    "ms_played": 0,
    "conn_country": "PK",
    "ip_addr": "182.185.196.79",
    "master_metadata_track_name": "Satranga (From \"ANIMAL\")",
    "master_metadata_album_artist_name": "Arijit Singh",
    "master_metadata_album_album_name": "Satranga (From \"ANIMAL\")",
    "spotify_track_uri": "spotify:track:3yHyiUDJdz02FZ6jfUbsmY",
    "episode_name": null,
    "episode_show_name": null,
    "spotify_episode_uri": null,
    "audiobook_title": null,
    "audiobook_uri": null,
    "audiobook_chapter_uri": null,
    "audiobook_chapter_title": null,
    "reason_start": "unknown",
    "reason_end": "endplay",
    "shuffle": false,
    "skipped": true,
    "offline": null,
    "offline_timestamp": null,
    "incognito_mode": false
  },
  {
    "ts": "2024-02-07T10:00:07Z",
    "platform": "android",
    "ms_played": 0,
    "conn_country": "PK",
    "ip_addr": "182.185.196.79",
    "master_metadata_track_name": "Afsanay",
    "master_metadata_album_artist_name": "Young Stunners",
    "master_metadata_album_album_name": "Afsanay",
    "spotify_track_uri": "spotify:track:05sqcYfU2wMlKwPVJ0rotq",
    "episode_name": null,
    "episode_show_name": null,
    "spotify_episode_uri": null,
    "audiobook_title": null,
    "audiobook_uri": null,
    "audiobook_chapter_uri": null,
    "audiobook_chapter_title": null,
    "reason_start": "unknown",
    "reason_end": "endplay",
    "shuffle": false,
    "skipped": true,
    "offline": null,
    "offline_timestamp": null,
    "incognito_mode": false
  },
  {
    "ts": "2024-02-07T10:00:07Z",
    "platform": "android",
    "ms_played": 0,
    "conn_country": "PK",
    "ip_addr": "182.185.196.79",
    "master_metadata_track_name": "Godzilla (feat. Juice WRLD)",
    "master_metadata_album_artist_name": "Eminem",
    "master_metadata_album_album_name": "Music To Be Murdered By",
    "spotify_track_uri": "spotify:track:7FIWs0pqAYbP91WWM0vlTQ",
    "episode_name": null,
    "episode_show_name": null,
    "spotify_episode_uri": null,
    "audiobook_title": null,
    "audiobook_uri": null,
    "audiobook_chapter_uri": null,
    "audiobook_chapter_title": null,
    "reason_start": "unknown",
    "reason_end": "endplay",
    "shuffle": false,
    "skipped": true,
    "offline": null,
    "offline_timestamp": null,
    "incognito_mode": false
  },
  {
    "ts": "2024-02-07T10:00:07Z",
    "platform": "android",
    "ms_played": 0,
    "conn_country": "PK",
    "ip_addr": "182.185.196.79",
    "master_metadata_track_name": "THE SCOTTS",
    "master_metadata_album_artist_name": "THE SCOTTS",
    "master_metadata_album_album_name": "THE SCOTTS",
    "spotify_track_uri": "spotify:track:39Yp9wwQiSRIDOvrVg7mbk",
    "episode_name": null,
    "episode_show_name": null,
    "spotify_episode_uri": null,
    "audiobook_title": null,
    "audiobook_uri": null,
    "audiobook_chapter_uri": null,
    "audiobook_chapter_title": null,
    "reason_start": "unknown",
    "reason_end": "endplay",
    "shuffle": false,
    "skipped": true,
    "offline": null,
    "offline_timestamp": null,
    "incognito_mode": false
  },
  {
    "ts": "2024-02-07T10:00:09Z",
    "platform": "android",
    "ms_played": 0,
    "conn_country": "PK",
    "ip_addr": "182.185.196.79",
    "master_metadata_track_name": "Teri Yaadon Mein",
    "master_metadata_album_artist_name": "KK",
    "master_metadata_album_album_name": "The Killer",
    "spotify_track_uri": "spotify:track:4ZVfIGaZP93t0stmBj4FqA",
    "episode_name": null,
    "episode_show_name": null,
    "spotify_episode_uri": null,
    "audiobook_title": null,
    "audiobook_uri": null,
    "audiobook_chapter_uri": null,
    "audiobook_chapter_title": null,
    "reason_start": "unknown",
    "reason_end": "endplay",
    "shuffle": false,
    "skipped": true,
    "offline": null,
    "offline_timestamp": null,
    "incognito_mode": false
  },
  {
    "ts": "2024-02-07T10:00:09Z",
    "platform": "android",
    "ms_played": 0,
    "conn_country": "PK",
    "ip_addr": "182.185.196.79",
    "master_metadata_track_name": "What Jhumka ? (From \"Rocky Aur Rani Kii Prem Kahaani\")",
    "master_metadata_album_artist_name": "Pritam",
    "master_metadata_album_album_name": "What Jhumka ? (From \"Rocky Aur Rani Kii Prem Kahaani\")",
    "spotify_track_uri": "spotify:track:4QyX8CBSjcoq4iMZuvifyF",
    "episode_name": null,
    "episode_show_name": null,
    "spotify_episode_uri": null,
    "audiobook_title": null,
    "audiobook_uri": null,
    "audiobook_chapter_uri": null,
    "audiobook_chapter_title": null,
    "reason_start": "unknown",
    "reason_end": "endplay",
    "shuffle": false,
    "skipped": true,
    "offline": null,
    "offline_timestamp": null,
    "incognito_mode": false
  },
  {
    "ts": "2024-02-07T10:00:09Z",
    "platform": "android",
    "ms_played": 0,
    "conn_country": "PK",
    "ip_addr": "182.185.196.79",
    "master_metadata_track_name": "O Sanam",
    "master_metadata_album_artist_name": "KK",
    "master_metadata_album_album_name": "The Killer",
    "spotify_track_uri": "spotify:track:10KzCzcTKDYnYUbJ6iJdTi",
    "episode_name": null,
    "episode_show_name": null,
    "spotify_episode_uri": null,
    "audiobook_title": null,
    "audiobook_uri": null,
    "audiobook_chapter_uri": null,
    "audiobook_chapter_title": null,
    "reason_start": "unknown",
    "reason_end": "endplay",
    "shuffle": false,
    "skipped": true,
    "offline": null,
    "offline_timestamp": null,
    "incognito_mode": false
  },
  {
    "ts": "2024-02-07T10:00:09Z",
    "platform": "android",
    "ms_played": 0,
    "conn_country": "PK",
    "ip_addr": "182.185.196.79",
    "master_metadata_track_name": "Satranga (From \"ANIMAL\")",
    "master_metadata_album_artist_name": "Arijit Singh",
    "master_metadata_album_album_name": "Satranga (From \"ANIMAL\")",
    "spotify_track_uri": "spotify:track:3yHyiUDJdz02FZ6jfUbsmY",
    "episode_name": null,
    "episode_show_name": null,
    "spotify_episode_uri": null,
    "audiobook_title": null,
    "audiobook_uri": null,
    "audiobook_chapter_uri": null,
    "audiobook_chapter_title": null,
    "reason_start": "unknown",
    "reason_end": "endplay",
    "shuffle": false,
    "skipped": true,
    "offline": null,
    "offline_timestamp": null,
    "incognito_mode": false
  },
  {
    "ts": "2024-02-07T10:00:10Z",
    "platform": "android",
    "ms_played": 225,
    "conn_country": "PK",
    "ip_addr": "182.185.196.79",
    "master_metadata_track_name": "She Don't Give A",
    "master_metadata_album_artist_name": "King",
    "master_metadata_album_album_name": "The Carnival",
    "spotify_track_uri": "spotify:track:7JPm2b4cGzGnxvo5hsLjGu",
    "episode_name": null,
    "episode_show_name": null,
    "spotify_episode_uri": null,
    "audiobook_title": null,
    "audiobook_uri": null,
    "audiobook_chapter_uri": null,
    "audiobook_chapter_title": null,
    "reason_start": "unknown",
    "reason_end": "unknown",
    "shuffle": false,
    "skipped": false,
    "offline": null,
    "offline_timestamp": null,
    "incognito_mode": false
  },
  {
    "ts": "2024-02-07T10:00:10Z",
    "platform": "android",
    "ms_played": 873,
    "conn_country": "PK",
    "ip_addr": "182.185.196.79",
    "master_metadata_track_name": "Kaley Sheshe",
    "master_metadata_album_artist_name": "Addy Nagar",
    "master_metadata_album_album_name": "Kaley Sheshe",
    "spotify_track_uri": "spotify:track:0ZcMt3GYvVkBjdomag59NP",
    "episode_name": null,
    "episode_show_name": null,
    "spotify_episode_uri": null,
    "audiobook_title": null,
    "audiobook_uri": null,
    "audiobook_chapter_uri": null,
    "audiobook_chapter_title": null,
    "reason_start": "unknown",
    "reason_end": "endplay",
    "shuffle": false,
    "skipped": true,
    "offline": null,
    "offline_timestamp": null,
    "incognito_mode": false
  },
  {
    "ts": "2024-02-07T10:00:12Z",
    "platform": "android",
    "ms_played": 0,
    "conn_country": "PK",
    "ip_addr": "182.185.196.79",
    "master_metadata_track_name": "Thoda Samjha Karo",
    "master_metadata_album_artist_name": "King",
    "master_metadata_album_album_name": "The Carnival",
    "spotify_track_uri": "spotify:track:1k4KXBHsfYULQdtogTyd8Z",
    "episode_name": null,
    "episode_show_name": null,
    "spotify_episode_uri": null,
    "audiobook_title": null,
    "audiobook_uri": null,
    "audiobook_chapter_uri": null,
    "audiobook_chapter_title": null,
    "reason_start": "unknown",
    "reason_end": "endplay",
    "shuffle": false,
    "skipped": true,
    "offline": null,
    "offline_timestamp": null,
    "incognito_mode": false
  },
  {
    "ts": "2024-02-07T10:00:12Z",
    "platform": "android",
    "ms_played": 0,
    "conn_country": "PK",
    "ip_addr": "182.185.196.79",
    "master_metadata_track_name": "She Don't Give A",
    "master_metadata_album_artist_name": "King",
    "master_metadata_album_album_name": "The Carnival",
    "spotify_track_uri": "spotify:track:7JPm2b4cGzGnxvo5hsLjGu",
    "episode_name": null,
    "episode_show_name": null,
    "spotify_episode_uri": null,
    "audiobook_title": null,
    "audiobook_uri": null,
    "audiobook_chapter_uri": null,
    "audiobook_chapter_title": null,
    "reason_start": "unknown",
    "reason_end": "endplay",
    "shuffle": false,
    "skipped": true,
    "offline": null,
    "offline_timestamp": null,
    "incognito_mode": false
  },
  {
    "ts": "2024-02-07T10:00:13Z",
    "platform": "android",
    "ms_played": 1524,
    "conn_country": "PK",
    "ip_addr": "182.185.196.79",
    "master_metadata_track_name": "Ou!",
    "master_metadata_album_artist_name": "Loka",
    "master_metadata_album_album_name": "Autobiography",
    "spotify_track_uri": "spotify:track:1Aw7EMr47zy7VcGFLK0Lhi",
    "episode_name": null,
    "episode_show_name": null,
    "spotify_episode_uri": null,
    "audiobook_title": null,
    "audiobook_uri": null,
    "audiobook_chapter_uri": null,
    "audiobook_chapter_title": null,
    "reason_start": "unknown",
    "reason_end": "unknown",
    "shuffle": false,
    "skipped": false,
    "offline": null,
    "offline_timestamp": null,
    "incognito_mode": false
  },
  {
    "ts": "2024-02-07T10:00:14Z",
    "platform": "android",
    "ms_played": 0,
    "conn_country": "PK",
    "ip_addr": "182.185.196.79",
    "master_metadata_track_name": "Bhai Tera Baller Hai",
    "master_metadata_album_artist_name": "Loka",
    "master_metadata_album_album_name": "Autobiography",
    "spotify_track_uri": "spotify:track:1VJI3kAGNDs0r8v232xqAr",
    "episode_name": null,
    "episode_show_name": null,
    "spotify_episode_uri": null,
    "audiobook_title": null,
    "audiobook_uri": null,
    "audiobook_chapter_uri": null,
    "audiobook_chapter_title": null,
    "reason_start": "unknown",
    "reason_end": "endplay",
    "shuffle": false,
    "skipped": true,
    "offline": null,
    "offline_timestamp": null,
    "incognito_mode": false
  },
  {
    "ts": "2024-02-07T10:00:14Z",
    "platform": "android",
    "ms_played": 851,
    "conn_country": "PK",
    "ip_addr": "182.185.196.79",
    "master_metadata_track_name": "Ilzaam",
    "master_metadata_album_artist_name": "King",
    "master_metadata_album_album_name": "Industry",
    "spotify_track_uri": "spotify:track:2tt65hBFG83mIzvP10UwBS",
    "episode_name": null,
    "episode_show_name": null,
    "spotify_episode_uri": null,
    "audiobook_title": null,
    "audiobook_uri": null,
    "audiobook_chapter_uri": null,
    "audiobook_chapter_title": null,
    "reason_start": "unknown",
    "reason_end": "unknown",
    "shuffle": false,
    "skipped": false,
    "offline": null,
    "offline_timestamp": null,
    "incognito_mode": false
  },
  {
    "ts": "2024-02-07T10:00:14Z",
    "platform": "android",
    "ms_played": 0,
    "conn_country": "PK",
    "ip_addr": "182.185.196.79",
    "master_metadata_track_name": "Teri Yaadon Mein",
    "master_metadata_album_artist_name": "KK",
    "master_metadata_album_album_name": "The Killer",
    "spotify_track_uri": "spotify:track:4ZVfIGaZP93t0stmBj4FqA",
    "episode_name": null,
    "episode_show_name": null,
    "spotify_episode_uri": null,
    "audiobook_title": null,
    "audiobook_uri": null,
    "audiobook_chapter_uri": null,
    "audiobook_chapter_title": null,
    "reason_start": "unknown",
    "reason_end": "endplay",
    "shuffle": false,
    "skipped": true,
    "offline": null,
    "offline_timestamp": null,
    "incognito_mode": false
  },
  {
    "ts": "2024-02-07T10:00:14Z",
    "platform": "android",
    "ms_played": 0,
    "conn_country": "PK",
    "ip_addr": "182.185.196.79",
    "master_metadata_track_name": "Ou!",
    "master_metadata_album_artist_name": "Loka",
    "master_metadata_album_album_name": "Autobiography",
    "spotify_track_uri": "spotify:track:1Aw7EMr47zy7VcGFLK0Lhi",
    "episode_name": null,
    "episode_show_name": null,
    "spotify_episode_uri": null,
    "audiobook_title": null,
    "audiobook_uri": null,
    "audiobook_chapter_uri": null,
    "audiobook_chapter_title": null,
    "reason_start": "unknown",
    "reason_end": "endplay",
    "shuffle": false,
    "skipped": true,
    "offline": null,
    "offline_timestamp": null,
    "incognito_mode": false
  },
  {
    "ts": "2024-02-07T10:00:14Z",
    "platform": "android",
    "ms_played": 0,
    "conn_country": "PK",
    "ip_addr": "182.185.196.79",
    "master_metadata_track_name": "O Sanam",
    "master_metadata_album_artist_name": "KK",
    "master_metadata_album_album_name": "The Killer",
    "spotify_track_uri": "spotify:track:10KzCzcTKDYnYUbJ6iJdTi",
    "episode_name": null,
    "episode_show_name": null,
    "spotify_episode_uri": null,
    "audiobook_title": null,
    "audiobook_uri": null,
    "audiobook_chapter_uri": null,
    "audiobook_chapter_title": null,
    "reason_start": "unknown",
    "reason_end": "endplay",
    "shuffle": false,
    "skipped": true,
    "offline": null,
    "offline_timestamp": null,
    "incognito_mode": false
  },
  {
    "ts": "2024-02-07T10:00:15Z",
    "platform": "android",
    "ms_played": 0,
    "conn_country": "PK",
    "ip_addr": "182.185.196.79",
    "master_metadata_track_name": "Bura Sapna",
    "master_metadata_album_artist_name": "Arjun Kanungo",
    "master_metadata_album_album_name": "Industry",
    "spotify_track_uri": "spotify:track:41TwxxvnWR3IXaVYfZloMZ",
    "episode_name": null,
    "episode_show_name": null,
    "spotify_episode_uri": null,
    "audiobook_title": null,
    "audiobook_uri": null,
    "audiobook_chapter_uri": null,
    "audiobook_chapter_title": null,
    "reason_start": "unknown",
    "reason_end": "endplay",
    "shuffle": false,
    "skipped": true,
    "offline": null,
    "offline_timestamp": null,
    "incognito_mode": false
  },
  {
    "ts": "2024-02-07T10:00:15Z",
    "platform": "android",
    "ms_played": 0,
    "conn_country": "PK",
    "ip_addr": "182.185.196.79",
    "master_metadata_track_name": "Ilzaam",
    "master_metadata_album_artist_name": "King",
    "master_metadata_album_album_name": "Industry",
    "spotify_track_uri": "spotify:track:2tt65hBFG83mIzvP10UwBS",
    "episode_name": null,
    "episode_show_name": null,
    "spotify_episode_uri": null,
    "audiobook_title": null,
    "audiobook_uri": null,
    "audiobook_chapter_uri": null,
    "audiobook_chapter_title": null,
    "reason_start": "unknown",
    "reason_end": "endplay",
    "shuffle": false,
    "skipped": true,
    "offline": null,
    "offline_timestamp": null,
    "incognito_mode": false
  },
  {
    "ts": "2024-02-07T10:00:16Z",
    "platform": "android",
    "ms_played": 0,
    "conn_country": "PK",
    "ip_addr": "182.185.196.79",
    "master_metadata_track_name": "Ou!",
    "master_metadata_album_artist_name": "Loka",
    "master_metadata_album_album_name": "Autobiography",
    "spotify_track_uri": "spotify:track:1Aw7EMr47zy7VcGFLK0Lhi",
    "episode_name": null,
    "episode_show_name": null,
    "spotify_episode_uri": null,
    "audiobook_title": null,
    "audiobook_uri": null,
    "audiobook_chapter_uri": null,
    "audiobook_chapter_title": null,
    "reason_start": "unknown",
    "reason_end": "endplay",
    "shuffle": false,
    "skipped": true,
    "offline": null,
    "offline_timestamp": null,
    "incognito_mode": false
  },
  {
    "ts": "2024-02-07T10:00:16Z",
    "platform": "android",
    "ms_played": 0,
    "conn_country": "PK",
    "ip_addr": "182.185.196.79",
    "master_metadata_track_name": "Bhai Tera Baller Hai",
    "master_metadata_album_artist_name": "Loka",
    "master_metadata_album_album_name": "Autobiography",
    "spotify_track_uri": "spotify:track:1VJI3kAGNDs0r8v232xqAr",
    "episode_name": null,
    "episode_show_name": null,
    "spotify_episode_uri": null,
    "audiobook_title": null,
    "audiobook_uri": null,
    "audiobook_chapter_uri": null,
    "audiobook_chapter_title": null,
    "reason_start": "unknown",
    "reason_end": "endplay",
    "shuffle": false,
    "skipped": true,
    "offline": null,
    "offline_timestamp": null,
    "incognito_mode": false
  },
  {
    "ts": "2024-02-07T10:00:17Z",
    "platform": "android",
    "ms_played": 631,
    "conn_country": "PK",
    "ip_addr": "182.185.196.79",
    "master_metadata_track_name": "Kahaani - Intro",
    "master_metadata_album_artist_name": "Karun",
    "master_metadata_album_album_name": "Qabool Hai",
    "spotify_track_uri": "spotify:track:3XNK3793r3LysptsgnPclO",
    "episode_name": null,
    "episode_show_name": null,
    "spotify_episode_uri": null,
    "audiobook_title": null,
    "audiobook_uri": null,
    "audiobook_chapter_uri": null,
    "audiobook_chapter_title": null,
    "reason_start": "unknown",
    "reason_end": "unknown",
    "shuffle": false,
    "skipped": false,
    "offline": null,
    "offline_timestamp": null,
    "incognito_mode": false
  },
  {
    "ts": "2024-02-07T10:00:18Z",
    "platform": "android",
    "ms_played": 613,
    "conn_country": "PK",
    "ip_addr": "182.185.196.79",
    "master_metadata_track_name": "Kahaani - Intro",
    "master_metadata_album_artist_name": "Karun",
    "master_metadata_album_album_name": "Qabool Hai",
    "spotify_track_uri": "spotify:track:3XNK3793r3LysptsgnPclO",
    "episode_name": null,
    "episode_show_name": null,
    "spotify_episode_uri": null,
    "audiobook_title": null,
    "audiobook_uri": null,
    "audiobook_chapter_uri": null,
    "audiobook_chapter_title": null,
    "reason_start": "unknown",
    "reason_end": "unknown",
    "shuffle": false,
    "skipped": false,
    "offline": null,
    "offline_timestamp": null,
    "incognito_mode": false
  },
  {
    "ts": "2024-02-07T10:00:19Z",
    "platform": "android",
    "ms_played": 0,
    "conn_country": "PK",
    "ip_addr": "182.185.196.79",
    "master_metadata_track_name": "Kahaani - Intro",
    "master_metadata_album_artist_name": "Karun",
    "master_metadata_album_album_name": "Qabool Hai",
    "spotify_track_uri": "spotify:track:3XNK3793r3LysptsgnPclO",
    "episode_name": null,
    "episode_show_name": null,
    "spotify_episode_uri": null,
    "audiobook_title": null,
    "audiobook_uri": null,
    "audiobook_chapter_uri": null,
    "audiobook_chapter_title": null,
    "reason_start": "unknown",
    "reason_end": "endplay",
    "shuffle": false,
    "skipped": true,
    "offline": null,
    "offline_timestamp": null,
    "incognito_mode": false
  },
  {
    "ts": "2024-02-07T10:00:19Z",
    "platform": "android",
    "ms_played": 1337,
    "conn_country": "PK",
    "ip_addr": "182.185.196.79",
    "master_metadata_track_name": "Maharani",
    "master_metadata_album_artist_name": "Karun",
    "master_metadata_album_album_name": "Qabool Hai",
    "spotify_track_uri": "spotify:track:7CVw4gVPpH1TPQttQGVmhZ",
    "episode_name": null,
    "episode_show_name": null,
    "spotify_episode_uri": null,
    "audiobook_title": null,
    "audiobook_uri": null,
    "audiobook_chapter_uri": null,
    "audiobook_chapter_title": null,
    "reason_start": "unknown",
    "reason_end": "unknown",
    "shuffle": false,
    "skipped": false,
    "offline": null,
    "offline_timestamp": null,
    "incognito_mode": false
  },
  {
    "ts": "2024-02-07T10:00:20Z",
    "platform": "android",
    "ms_played": 0,
    "conn_country": "PK",
    "ip_addr": "182.185.196.79",
    "master_metadata_track_name": "Gunehgar",
    "master_metadata_album_artist_name": "DIVINE",
    "master_metadata_album_album_name": "Gunehgar",
    "spotify_track_uri": "spotify:track:4S7yPbt2aW7N3pthEpcP7S",
    "episode_name": null,
    "episode_show_name": null,
    "spotify_episode_uri": null,
    "audiobook_title": null,
    "audiobook_uri": null,
    "audiobook_chapter_uri": null,
    "audiobook_chapter_title": null,
    "reason_start": "unknown",
    "reason_end": "endplay",
    "shuffle": false,
    "skipped": true,
    "offline": null,
    "offline_timestamp": null,
    "incognito_mode": false
  },
  {
    "ts": "2024-02-07T10:00:20Z",
    "platform": "android",
    "ms_played": 0,
    "conn_country": "PK",
    "ip_addr": "182.185.196.79",
    "master_metadata_track_name": "Maharani",
    "master_metadata_album_artist_name": "Karun",
    "master_metadata_album_album_name": "Qabool Hai",
    "spotify_track_uri": "spotify:track:7CVw4gVPpH1TPQttQGVmhZ",
    "episode_name": null,
    "episode_show_name": null,
    "spotify_episode_uri": null,
    "audiobook_title": null,
    "audiobook_uri": null,
    "audiobook_chapter_uri": null,
    "audiobook_chapter_title": null,
    "reason_start": "unknown",
    "reason_end": "endplay",
    "shuffle": false,
    "skipped": true,
    "offline": null,
    "offline_timestamp": null,
    "incognito_mode": false
  },
  {
    "ts": "2024-02-07T10:00:20Z",
    "platform": "android",
    "ms_played": 1609,
    "conn_country": "PK",
    "ip_addr": "182.185.196.79",
    "master_metadata_track_name": "Raabta",
    "master_metadata_album_artist_name": "Jokhay",
    "master_metadata_album_album_name": "Raabta",
    "spotify_track_uri": "spotify:track:6mLglxgctAaoOwMC5QaCB0",
    "episode_name": null,
    "episode_show_name": null,
    "spotify_episode_uri": null,
    "audiobook_title": null,
    "audiobook_uri": null,
    "audiobook_chapter_uri": null,
    "audiobook_chapter_title": null,
    "reason_start": "unknown",
    "reason_end": "endplay",
    "shuffle": false,
    "skipped": true,
    "offline": null,
    "offline_timestamp": null,
    "incognito_mode": false
  },
  {
    "ts": "2024-02-07T10:00:20Z",
    "platform": "android",
    "ms_played": 0,
    "conn_country": "PK",
    "ip_addr": "182.185.196.79",
    "master_metadata_track_name": "Baazigar",
    "master_metadata_album_artist_name": "DIVINE",
    "master_metadata_album_album_name": "Gunehgar",
    "spotify_track_uri": "spotify:track:1T44wPr7LUlBY4vX6LlygG",
    "episode_name": null,
    "episode_show_name": null,
    "spotify_episode_uri": null,
    "audiobook_title": null,
    "audiobook_uri": null,
    "audiobook_chapter_uri": null,
    "audiobook_chapter_title": null,
    "reason_start": "unknown",
    "reason_end": "endplay",
    "shuffle": false,
    "skipped": true,
    "offline": null,
    "offline_timestamp": null,
    "incognito_mode": false
  },
  {
    "ts": "2024-02-07T10:00:20Z",
    "platform": "android",
    "ms_played": 1137,
    "conn_country": "PK",
    "ip_addr": "182.185.196.79",
    "master_metadata_track_name": "Batheriyan",
    "master_metadata_album_artist_name": "Karun",
    "master_metadata_album_album_name": "Qabool Hai",
    "spotify_track_uri": "spotify:track:7I7XOF1QxWbhntANI6dazL",
    "episode_name": null,
    "episode_show_name": null,
    "spotify_episode_uri": null,
    "audiobook_title": null,
    "audiobook_uri": null,
    "audiobook_chapter_uri": null,
    "audiobook_chapter_title": null,
    "reason_start": "unknown",
    "reason_end": "endplay",
    "shuffle": false,
    "skipped": true,
    "offline": null,
    "offline_timestamp": null,
    "incognito_mode": false
  },
  {
    "ts": "2024-02-07T10:00:20Z",
    "platform": "android",
    "ms_played": 0,
    "conn_country": "PK",
    "ip_addr": "182.185.196.79",
    "master_metadata_track_name": "Kinaare",
    "master_metadata_album_artist_name": "Karun",
    "master_metadata_album_album_name": "Qabool Hai",
    "spotify_track_uri": "spotify:track:1YWKNrO3LAiBFzbxnn7bS5",
    "episode_name": null,
    "episode_show_name": null,
    "spotify_episode_uri": null,
    "audiobook_title": null,
    "audiobook_uri": null,
    "audiobook_chapter_uri": null,
    "audiobook_chapter_title": null,
    "reason_start": "unknown",
    "reason_end": "endplay",
    "shuffle": false,
    "skipped": true,
    "offline": null,
    "offline_timestamp": null,
    "incognito_mode": false
  },
  {
    "ts": "2024-02-07T10:00:35Z",
    "platform": "android",
    "ms_played": 0,
    "conn_country": "PK",
    "ip_addr": "182.185.196.79",
    "master_metadata_track_name": "Raabta",
    "master_metadata_album_artist_name": "Jokhay",
    "master_metadata_album_album_name": "Raabta",
    "spotify_track_uri": "spotify:track:6mLglxgctAaoOwMC5QaCB0",
    "episode_name": null,
    "episode_show_name": null,
    "spotify_episode_uri": null,
    "audiobook_title": null,
    "audiobook_uri": null,
    "audiobook_chapter_uri": null,
    "audiobook_chapter_title": null,
    "reason_start": "unknown",
    "reason_end": "endplay",
    "shuffle": false,
    "skipped": true,
    "offline": null,
    "offline_timestamp": null,
    "incognito_mode": false
  },
  {
    "ts": "2024-02-07T10:00:35Z",
    "platform": "android",
    "ms_played": 362,
    "conn_country": "PK",
    "ip_addr": "182.185.196.79",
    "master_metadata_track_name": "Kahaani - Intro",
    "master_metadata_album_artist_name": "Karun",
    "master_metadata_album_album_name": "Qabool Hai",
    "spotify_track_uri": "spotify:track:3XNK3793r3LysptsgnPclO",
    "episode_name": null,
    "episode_show_name": null,
    "spotify_episode_uri": null,
    "audiobook_title": null,
    "audiobook_uri": null,
    "audiobook_chapter_uri": null,
    "audiobook_chapter_title": null,
    "reason_start": "unknown",
    "reason_end": "unknown",
    "shuffle": false,
    "skipped": false,
    "offline": null,
    "offline_timestamp": null,
    "incognito_mode": false
  },
  {
    "ts": "2024-02-07T10:00:36Z",
    "platform": "android",
    "ms_played": 0,
    "conn_country": "PK",
    "ip_addr": "182.185.196.79",
    "master_metadata_track_name": "Maharani",
    "master_metadata_album_artist_name": "Karun",
    "master_metadata_album_album_name": "Qabool Hai",
    "spotify_track_uri": "spotify:track:7CVw4gVPpH1TPQttQGVmhZ",
    "episode_name": null,
    "episode_show_name": null,
    "spotify_episode_uri": null,
    "audiobook_title": null,
    "audiobook_uri": null,
    "audiobook_chapter_uri": null,
    "audiobook_chapter_title": null,
    "reason_start": "unknown",
    "reason_end": "endplay",
    "shuffle": false,
    "skipped": true,
    "offline": null,
    "offline_timestamp": null,
    "incognito_mode": false
  },
  {
    "ts": "2024-02-07T10:00:36Z",
    "platform": "android",
    "ms_played": 0,
    "conn_country": "PK",
    "ip_addr": "182.185.196.79",
    "master_metadata_track_name": "Kahaani - Intro",
    "master_metadata_album_artist_name": "Karun",
    "master_metadata_album_album_name": "Qabool Hai",
    "spotify_track_uri": "spotify:track:3XNK3793r3LysptsgnPclO",
    "episode_name": null,
    "episode_show_name": null,
    "spotify_episode_uri": null,
    "audiobook_title": null,
    "audiobook_uri": null,
    "audiobook_chapter_uri": null,
    "audiobook_chapter_title": null,
    "reason_start": "unknown",
    "reason_end": "endplay",
    "shuffle": false,
    "skipped": true,
    "offline": null,
    "offline_timestamp": null,
    "incognito_mode": false
  },
  {
    "ts": "2024-02-07T10:00:37Z",
    "platform": "android",
    "ms_played": 0,
    "conn_country": "PK",
    "ip_addr": "182.185.196.79",
    "master_metadata_track_name": "Hosh Mai Aa",
    "master_metadata_album_artist_name": "MC STAN",
    "master_metadata_album_album_name": "Tadipaar",
    "spotify_track_uri": "spotify:track:74utzjnwFLp68F1rMha7L5",
    "episode_name": null,
    "episode_show_name": null,
    "spotify_episode_uri": null,
    "audiobook_title": null,
    "audiobook_uri": null,
    "audiobook_chapter_uri": null,
    "audiobook_chapter_title": null,
    "reason_start": "unknown",
    "reason_end": "endplay",
    "shuffle": false,
    "skipped": true,
    "offline": null,
    "offline_timestamp": null,
    "incognito_mode": false
  },
  {
    "ts": "2024-02-07T10:00:37Z",
    "platform": "android",
    "ms_played": 591,
    "conn_country": "PK",
    "ip_addr": "182.185.196.79",
    "master_metadata_track_name": "Hosh Mai Aa",
    "master_metadata_album_artist_name": "MC STAN",
    "master_metadata_album_album_name": "Tadipaar",
    "spotify_track_uri": "spotify:track:74utzjnwFLp68F1rMha7L5",
    "episode_name": null,
    "episode_show_name": null,
    "spotify_episode_uri": null,
    "audiobook_title": null,
    "audiobook_uri": null,
    "audiobook_chapter_uri": null,
    "audiobook_chapter_title": null,
    "reason_start": "unknown",
    "reason_end": "unknown",
    "shuffle": false,
    "skipped": false,
    "offline": null,
    "offline_timestamp": null,
    "incognito_mode": false
  },
  {
    "ts": "2024-02-07T10:00:37Z",
    "platform": "android",
    "ms_played": 0,
    "conn_country": "PK",
    "ip_addr": "182.185.196.79",
    "master_metadata_track_name": "Baazigar",
    "master_metadata_album_artist_name": "DIVINE",
    "master_metadata_album_album_name": "Gunehgar",
    "spotify_track_uri": "spotify:track:1T44wPr7LUlBY4vX6LlygG",
    "episode_name": null,
    "episode_show_name": null,
    "spotify_episode_uri": null,
    "audiobook_title": null,
    "audiobook_uri": null,
    "audiobook_chapter_uri": null,
    "audiobook_chapter_title": null,
    "reason_start": "unknown",
    "reason_end": "endplay",
    "shuffle": false,
    "skipped": true,
    "offline": null,
    "offline_timestamp": null,
    "incognito_mode": false
  },
  {
    "ts": "2024-02-07T10:00:37Z",
    "platform": "android",
    "ms_played": 0,
    "conn_country": "PK",
    "ip_addr": "182.185.196.79",
    "master_metadata_track_name": "Ek Din Pyaar",
    "master_metadata_album_artist_name": "MC STAN",
    "master_metadata_album_album_name": "Tadipaar",
    "spotify_track_uri": "spotify:track:0uk9sQ7MjK0CdAUinD4xBV",
    "episode_name": null,
    "episode_show_name": null,
    "spotify_episode_uri": null,
    "audiobook_title": null,
    "audiobook_uri": null,
    "audiobook_chapter_uri": null,
    "audiobook_chapter_title": null,
    "reason_start": "unknown",
    "reason_end": "endplay",
    "shuffle": false,
    "skipped": true,
    "offline": null,
    "offline_timestamp": null,
    "incognito_mode": false
  },
  {
    "ts": "2024-02-07T10:00:37Z",
    "platform": "android",
    "ms_played": 0,
    "conn_country": "PK",
    "ip_addr": "182.185.196.79",
    "master_metadata_track_name": "Gunehgar",
    "master_metadata_album_artist_name": "DIVINE",
    "master_metadata_album_album_name": "Gunehgar",
    "spotify_track_uri": "spotify:track:4S7yPbt2aW7N3pthEpcP7S",
    "episode_name": null,
    "episode_show_name": null,
    "spotify_episode_uri": null,
    "audiobook_title": null,
    "audiobook_uri": null,
    "audiobook_chapter_uri": null,
    "audiobook_chapter_title": null,
    "reason_start": "unknown",
    "reason_end": "endplay",
    "shuffle": false,
    "skipped": true,
    "offline": null,
    "offline_timestamp": null,
    "incognito_mode": false
  },
  {
    "ts": "2024-02-07T10:00:38Z",
    "platform": "android",
    "ms_played": 0,
    "conn_country": "PK",
    "ip_addr": "182.185.196.79",
    "master_metadata_track_name": "Kahaani - Intro",
    "master_metadata_album_artist_name": "Karun",
    "master_metadata_album_album_name": "Qabool Hai",
    "spotify_track_uri": "spotify:track:3XNK3793r3LysptsgnPclO",
    "episode_name": null,
    "episode_show_name": null,
    "spotify_episode_uri": null,
    "audiobook_title": null,
    "audiobook_uri": null,
    "audiobook_chapter_uri": null,
    "audiobook_chapter_title": null,
    "reason_start": "unknown",
    "reason_end": "endplay",
    "shuffle": false,
    "skipped": true,
    "offline": null,
    "offline_timestamp": null,
    "incognito_mode": false
  },
  {
    "ts": "2024-02-07T10:00:38Z",
    "platform": "android",
    "ms_played": 0,
    "conn_country": "PK",
    "ip_addr": "182.185.196.79",
    "master_metadata_track_name": "Maharani",
    "master_metadata_album_artist_name": "Karun",
    "master_metadata_album_album_name": "Qabool Hai",
    "spotify_track_uri": "spotify:track:7CVw4gVPpH1TPQttQGVmhZ",
    "episode_name": null,
    "episode_show_name": null,
    "spotify_episode_uri": null,
    "audiobook_title": null,
    "audiobook_uri": null,
    "audiobook_chapter_uri": null,
    "audiobook_chapter_title": null,
    "reason_start": "unknown",
    "reason_end": "endplay",
    "shuffle": false,
    "skipped": true,
    "offline": null,
    "offline_timestamp": null,
    "incognito_mode": false
  },
  {
    "ts": "2024-02-07T10:00:41Z",
    "platform": "android",
    "ms_played": 0,
    "conn_country": "PK",
    "ip_addr": "182.185.196.79",
    "master_metadata_track_name": "Saugaat (Intro)",
    "master_metadata_album_artist_name": "Karun",
    "master_metadata_album_album_name": "Saugaat",
    "spotify_track_uri": "spotify:track:2ccVAkVP7pDoYdVXzjP2f8",
    "episode_name": null,
    "episode_show_name": null,
    "spotify_episode_uri": null,
    "audiobook_title": null,
    "audiobook_uri": null,
    "audiobook_chapter_uri": null,
    "audiobook_chapter_title": null,
    "reason_start": "unknown",
    "reason_end": "endplay",
    "shuffle": false,
    "skipped": true,
    "offline": null,
    "offline_timestamp": null,
    "incognito_mode": false
  },
  {
    "ts": "2024-02-07T10:00:41Z",
    "platform": "android",
    "ms_played": 0,
    "conn_country": "PK",
    "ip_addr": "182.185.196.79",
    "master_metadata_track_name": "Iraaday",
    "master_metadata_album_artist_name": "Rovalio",
    "master_metadata_album_album_name": "Iraaday",
    "spotify_track_uri": "spotify:track:6qrifdo7QINdPQr80IelGi",
    "episode_name": null,
    "episode_show_name": null,
    "spotify_episode_uri": null,
    "audiobook_title": null,
    "audiobook_uri": null,
    "audiobook_chapter_uri": null,
    "audiobook_chapter_title": null,
    "reason_start": "unknown",
    "reason_end": "endplay",
    "shuffle": false,
    "skipped": true,
    "offline": null,
    "offline_timestamp": null,
    "incognito_mode": false
  },
  {
    "ts": "2024-02-07T10:00:41Z",
    "platform": "android",
    "ms_played": 0,
    "conn_country": "PK",
    "ip_addr": "182.185.196.79",
    "master_metadata_track_name": "KYA",
    "master_metadata_album_artist_name": "Chaar Diwaari",
    "master_metadata_album_album_name": "TERI MAIYAT KE GAANE",
    "spotify_track_uri": "spotify:track:6LA6D7TtczDd2GqT8zm7YS",
    "episode_name": null,
    "episode_show_name": null,
    "spotify_episode_uri": null,
    "audiobook_title": null,
    "audiobook_uri": null,
    "audiobook_chapter_uri": null,
    "audiobook_chapter_title": null,
    "reason_start": "unknown",
    "reason_end": "endplay",
    "shuffle": false,
    "skipped": true,
    "offline": null,
    "offline_timestamp": null,
    "incognito_mode": false
  },
  {
    "ts": "2024-02-07T10:00:41Z",
    "platform": "android",
    "ms_played": 3216,
    "conn_country": "PK",
    "ip_addr": "182.185.196.79",
    "master_metadata_track_name": "Tu hai kahan (feat. ZAYN)",
    "master_metadata_album_artist_name": "AUR",
    "master_metadata_album_album_name": "Tu hai kahan (feat. ZAYN)",
    "spotify_track_uri": "spotify:track:7K6RLbkpqZI4OaoSnLcBiU",
    "episode_name": null,
    "episode_show_name": null,
    "spotify_episode_uri": null,
    "audiobook_title": null,
    "audiobook_uri": null,
    "audiobook_chapter_uri": null,
    "audiobook_chapter_title": null,
    "reason_start": "unknown",
    "reason_end": "endplay",
    "shuffle": false,
    "skipped": true,
    "offline": null,
    "offline_timestamp": null,
    "incognito_mode": false
  },
  {
    "ts": "2024-02-07T10:00:41Z",
    "platform": "android",
    "ms_played": 0,
    "conn_country": "PK",
    "ip_addr": "182.185.196.79",
    "master_metadata_track_name": "Muse",
    "master_metadata_album_artist_name": "Karun",
    "master_metadata_album_album_name": "Saugaat",
    "spotify_track_uri": "spotify:track:07dIXN9osDjT0bGPUi9MZg",
    "episode_name": null,
    "episode_show_name": null,
    "spotify_episode_uri": null,
    "audiobook_title": null,
    "audiobook_uri": null,
    "audiobook_chapter_uri": null,
    "audiobook_chapter_title": null,
    "reason_start": "unknown",
    "reason_end": "endplay",
    "shuffle": false,
    "skipped": true,
    "offline": null,
    "offline_timestamp": null,
    "incognito_mode": false
  },
  {
    "ts": "2024-02-07T10:00:41Z",
    "platform": "android",
    "ms_played": 0,
    "conn_country": "PK",
    "ip_addr": "182.185.196.79",
    "master_metadata_track_name": "MERA SAMAN KAHAN HAI?",
    "master_metadata_album_artist_name": "Chaar Diwaari",
    "master_metadata_album_album_name": "TERI MAIYAT KE GAANE",
    "spotify_track_uri": "spotify:track:6naKfZLX1fUmmMCqXbX1bM",
    "episode_name": null,
    "episode_show_name": null,
    "spotify_episode_uri": null,
    "audiobook_title": null,
    "audiobook_uri": null,
    "audiobook_chapter_uri": null,
    "audiobook_chapter_title": null,
    "reason_start": "unknown",
    "reason_end": "endplay",
    "shuffle": false,
    "skipped": true,
    "offline": null,
    "offline_timestamp": null,
    "incognito_mode": false
  },
  {
    "ts": "2024-07-25T14:25:41Z",
    "platform": "android",
    "ms_played": 0,
    "conn_country": "PK",
    "ip_addr": "119.155.9.165",
    "master_metadata_track_name": "Intro",
    "master_metadata_album_artist_name": "50 Cent",
    "master_metadata_album_album_name": "Get Rich Or Die Tryin'",
    "spotify_track_uri": "spotify:track:2pjbf0b1yioklKVpjDKJwb",
    "episode_name": null,
    "episode_show_name": null,
    "spotify_episode_uri": null,
    "audiobook_title": null,
    "audiobook_uri": null,
    "audiobook_chapter_uri": null,
    "audiobook_chapter_title": null,
    "reason_start": "unknown",
    "reason_end": "endplay",
    "shuffle": false,
    "skipped": true,
    "offline": null,
    "offline_timestamp": null,
    "incognito_mode": false
  },
  {
    "ts": "2024-07-25T14:25:41Z",
    "platform": "android",
    "ms_played": 0,
    "conn_country": "PK",
    "ip_addr": "119.155.9.165",
    "master_metadata_track_name": "Intro",
    "master_metadata_album_artist_name": "50 Cent",
    "master_metadata_album_album_name": "Get Rich Or Die Tryin'",
    "spotify_track_uri": "spotify:track:2pjbf0b1yioklKVpjDKJwb",
    "episode_name": null,
    "episode_show_name": null,
    "spotify_episode_uri": null,
    "audiobook_title": null,
    "audiobook_uri": null,
    "audiobook_chapter_uri": null,
    "audiobook_chapter_title": null,
    "reason_start": "unknown",
    "reason_end": "endplay",
    "shuffle": false,
    "skipped": true,
    "offline": null,
    "offline_timestamp": null,
    "incognito_mode": false
  }
]